,Nr. crt.,Nr. dosar,Listă opțiuni (media pe opțiune),Medie Bac,Nota D. Oblig.,Nota D. Profil,NLbRo Bac,Notă M Bac,Notă TG,Medie Adm Opt1,Medie Adm Admis,Facultate admis,Domeniu admis,Nr. ordine,Tip loc admis,Termen confirmare,Nr. opțiune,RP,MR,ER,PS,CES,SRI,STS,Observații,Mențiuni
0,1,AC-238,"AC-CTI-B (9.99), AC-CTI-T (9.99), AC-AIASI-B (9.99), AC-AIASI-T (9.99)",9.95,10.0,10.0,9.85,10.0,10.0,9.99,9.99,AC,CTI-B,1,roman,2026-07-23 14:00:00,1,,,,,,,,,matematica
1,2,AC-239,"AC-CTI-B (9.97), AC-CTI-T (9.97), AC-AIASI-B (9.97), AC-AIASI-T (9.97), ETTI-IETTI-B (abs), IEEIA-IE-B (abs), IEEIA-IEN-B (abs), IEEIA-IMGM-B (abs)",9.88,10.0,9.8,9.85,10.0,10.0,9.97,9.97,AC,CTI-B,2,roman,2026-07-23 14:00:00,1,,,,,,,,,matematica
2,3,AC-373,"AC-CTI-B (9.94), ETTI-IETTI-B (abs)",9.71,9.95,9.45,9.75,9.95,10.0,9.94,9.94,AC,CTI-B,3,roman,2026-07-23 14:00:00,1,,,,,,,,,matematica
3,4,AC-205,"AC-CTI-B (9.91), AC-CTI-T (9.91)",9.56,9.4,9.65,9.65,9.4,10.0,9.91,9.91,AC,CTI-B,4,roman,2026-07-23 14:00:00,1,,,,,,,,,informatica
4,5,AC-446,"AC-CTI-B (9.87), AC-CTI-T (9.87), AC-AIASI-B (9.87), AC-AIASI-T (9.87)",9.35,9.5,9.4,9.15,9.5,10.0,9.87,9.87,AC,CTI-B,5,roman,2026-07-23 14:00:00,1,,,,,,,,,informatica
5,6,AC-276,"AC-CTI-B (9.86), AC-AIASI-B (9.86), AC-CTI-T (9.86), AC-AIASI-T (9.86), ETTI-IETTI-B (abs), ETTI-IETTI-T (abs)",9.30,9.65,9.85,8.4,9.65,10.0,9.86,9.86,AC,CTI-B,6,roman,2026-07-23 14:00:00,1,,,,,,,,,matematica
6,7,AC-118,"AC-CTI-B (9.84), AC-CTI-T (9.84), AC-AIASI-B (9.84), AC-AIASI-T (9.84), ETTI-IETTI-B (abs), ETTI-IETTI-T (abs), ETTI-IETTIEN-B (abs), ETTI-IETTIEN-T (abs), IEEIA-IE-B (abs), IEEIA-IE-T (abs), IEEIA-IEN-B (abs), IEEIA-IEN-T (abs)",9.20,9.7,10.0,7.9,9.7,10.0,9.84,9.84,AC,CTI-B,7,roman,2026-07-23 14:00:00,1,,,,,,,,,matematica
7,8,AC-56,"AC-CTI-B (9.74), AC-CTI-T (9.74), AC-AIASI-B (9.74), AC-AIASI-T (9.74)",9.93,10.0,10.0,9.8,10.0,9.7,9.74,9.74,AC,CTI-B,8,roman,2026-07-23 14:00:00,1,,,,,,,,,matematica
8,9,AC-316,"AC-CTI-B (9.73), AC-AIASI-B (9.73), AC-CTI-T (9.73), AC-AIASI-T (9.73)",9.88,10.0,9.75,9.9,10.0,9.7,9.73,9.73,AC,CTI-B,9,roman,2026-07-23 14:00:00,1,,,,,,,,,informatica
9,10,AC-116,"AC-CTI-B (9.72), AC-AIASI-B (9.72), AC-CTI-T (9.72), AC-AIASI-T (9.72), CI-II-B (abs), CI-II-T (abs)",9.80,10.0,9.9,9.5,10.0,9.7,9.72,9.72,AC,CTI-B,10,roman,2026-07-23 14:00:00,1,,,,,,,,,informatica
10,11,AC-38,"AC-CTI-B (9.70), AC-AIASI-B (9.70), AC-CTI-T (9.70), AC-AIASI-T (9.70), ETTI-IETTI-B (abs), IEEIA-IE-B (abs)",9.73,9.75,10.0,9.45,9.75,9.7,9.7,9.7,AC,CTI-B,11,roman,2026-07-23 14:00:00,1,,,,,,,,,informatica
11,12,AC-232,"AC-CTI-B (9.69), AC-CTI-T (9.69), AC-AIASI-B (9.69), AC-AIASI-T (9.69)",9.65,9.7,9.75,9.5,9.7,9.7,9.69,9.69,AC,CTI-B,12,roman,2026-07-23 14:00:00,1,,,,,,,,,matematica
12,13,AC-380,"AC-CTI-B (9.68), AC-AIASI-B (9.68), AC-CTI-T (9.68), AC-AIASI-T (9.68)",9.61,9.95,8.9,10.0,9.95,9.7,9.68,9.68,AC,CTI-B,13,roman,2026-07-23 14:00:00,1,,,,,,,,,matematica
13,14,AC-51,"AC-CTI-B (9.65), AC-AIASI-B (9.65), AC-CTI-T (9.65), AC-AIASI-T (9.65)",9.48,9.55,9.95,8.95,9.55,9.7,9.65,9.65,AC,CTI-B,14,roman,2026-07-23 14:00:00,1,,,,,,,,,informatica
14,15,AC-411,"AC-CTI-B (9.65), AC-AIASI-B (9.65), ETTI-IETTI-B (abs), IEEIA-IEN-B (abs)",9.48,9.35,9.85,9.25,9.35,9.7,9.65,9.65,AC,CTI-B,15,roman,2026-07-23 14:00:00,1,,,,,,,,,matematica
15,16,AC-20,"AC-CTI-B (9.59), AC-CTI-T (9.59), AC-AIASI-B (9.59), AC-AIASI-T (9.59)",9.15,9.6,9.05,8.8,9.6,9.7,9.59,9.59,AC,CTI-B,16,roman,2026-07-23 14:00:00,1,,,,,,,,,matematica
16,17,AC-67,"AC-CTI-B (9.52), AC-AIASI-B (9.52), AC-CTI-T (9.52), AC-AIASI-T (9.52)",8.80,10.0,7.3,9.1,10.0,9.7,9.52,9.52,AC,CTI-B,17,roman,2026-07-23 14:00:00,1,,,,,,,,,matematica
17,18,AC-204,"AC-CTI-B (9.52), AC-AIASI-B (9.52), AC-CTI-T (9.52), AC-AIASI-T (9.52)",olimpic,9.6,9.9,9.15,9.6,9.4,9.52,9.52,AC,CTI-B,18,roman,2026-07-23 14:00:00,1,,,,,,,,,informatica
18,19,AC-265,"AC-CTI-B (9.50), AC-AIASI-B (9.50), AC-CTI-T (9.50), AC-AIASI-T (9.50), DIMA-IMGM-B (abs), ETTI-IETTI-B (abs)",9.91,10.0,10.0,9.75,10.0,9.4,9.5,9.5,AC,CTI-B,19,roman,2026-07-23 14:00:00,1,,,,,,,,,informatica
19,20,AC-223,"AC-CTI-B (9.49), AC-AIASI-B (9.49), AC-CTI-T (9.49), AC-AIASI-T (9.49), ETTI-IETTI-B (abs), ETTI-IETTIEN-B (abs), IEEIA-IEN-B (abs), IEEIA-IMGM-B (abs)",9.85,9.9,9.9,9.75,9.9,9.4,9.49,9.49,AC,CTI-B,20,roman,2026-07-23 14:00:00,1,,,,,,,,,informatica
20,21,AC-15,"AC-CTI-B (9.47), AC-AIASI-B (9.47), AC-CTI-T (9.47), AC-AIASI-T (9.47)",9.76,9.95,9.85,9.5,9.95,9.4,9.47,9.47,AC,CTI-B,21,roman,2026-07-23 14:00:00,1,,,,,,,,,matematica
21,22,AC-417,"AC-CTI-B (9.46), AC-AIASI-B (9.46), AC-CTI-T (9.46), AC-AIASI-T (9.46)",9.73,10.0,9.65,9.55,10.0,9.4,9.46,9.46,AC,CTI-B,22,roman,2026-07-23 14:00:00,1,,,,,,,,,matematica
22,23,AC-200,"AC-CTI-B (9.46), AC-CTI-T (9.46), AC-AIASI-B (9.46), AC-AIASI-T (9.46), ETTI-IETTI-B (abs), ETTI-IETTI-T (abs), ETTI-IETTIEN-B (abs), ETTI-IETTIEN-T (abs)",9.71,9.85,10.0,9.3,9.85,9.4,9.46,9.46,AC,CTI-B,23,roman,2026-07-23 14:00:00,1,,,,,,,,,informatica
23,24,AC-465,"AC-CTI-B (9.45), AC-AIASI-B (9.45), ETTI-IETTI-B (abs)",9.68,9.95,9.6,9.5,9.95,9.4,9.45,9.45,AC,CTI-B,24,roman,2026-07-23 14:00:00,1,,,,,,,,,matematica
24,25,AC-233,"AC-CTI-B (9.45), AC-AIASI-B (9.45), AC-CTI-T (9.45), AC-AIASI-T (9.45), ETTI-IETTI-B (abs), IEEIA-IE-B (abs), IEEIA-IEN-B (abs), IEEIA-IMGM-B (abs)",9.65,9.6,10.0,9.35,9.6,9.4,9.45,9.45,AC,CTI-B,25,roman,2026-07-23 14:00:00,1,,,,,,,,,informatica
25,26,AC-164,"AC-CTI-B (9.44), AC-CTI-T (9.44), AC-AIASI-B (9.44), AC-AIASI-T (9.44)",9.60,9.95,9.8,9.05,9.95,9.4,9.44,9.44,AC,CTI-B,26,roman,2026-07-23 14:00:00,1,,,,,,,,,matematica
26,27,AC-65,"AC-CTI-B (9.42), AC-AIASI-B (9.42)",8.33,9.95,8.25,6.8,9.95,9.7,9.42,9.42,AC,CTI-B,27,roman,2026-07-23 14:00:00,1,,,,,,,,,matematica
27,28,AC-470,"AC-CTI-B (9.39), AC-AIASI-B (9.39), AC-CTI-T (9.39), AC-AIASI-T (9.39)",9.38,9.25,9.45,9.45,9.25,9.4,9.39,9.39,AC,CTI-B,28,roman,2026-07-23 14:00:00,1,,,,,,,,,informatica
28,29,AC-430,"AC-CTI-B (9.36), AC-AIASI-B (9.36), AC-CTI-T (9.36), AC-AIASI-T (9.36), ETTI-IETTI-B (abs), ETTI-IETTIEN-B (abs), IEEIA-IE-B (abs), IEEIA-IMGM-B (abs), IEEIA-IEN-B (abs), CMMI-IIND-B (abs), CMMI-IMEC-B (abs), MEC-MR-B (abs), MEC-IA-B (abs), MEC-IMEC-B (abs)",9.23,9.7,9.4,8.6,9.7,9.4,9.36,9.36,AC,CTI-B,29,roman,2026-07-23 14:00:00,1,,,,,,,,,matematica
29,30,AC-386,"AC-CTI-B (9.27), AC-AIASI-B (9.27), AC-CTI-T (9.27), AC-AIASI-T (9.27), ETTI-IETTI-B (abs), ETTI-IETTI-T (abs)",9.95,9.85,10.0,10.0,9.85,9.1,9.27,9.27,AC,CTI-B,30,roman,2026-07-23 14:00:00,1,,,,,,,,,matematica
30,31,AC-140,"AC-CTI-B (9.25), AC-AIASI-B (9.25), AC-CTI-T (9.25), AC-AIASI-T (9.25), ETTI-IETTI-B (abs)",9.85,10.0,9.65,9.9,10.0,9.1,9.25,9.25,AC,CTI-B,31,roman,2026-07-23 14:00:00,1,,,,,,,,,matematica
31,32,AC-387,"AC-CTI-B (9.23), AC-CTI-T (9.23), AC-AIASI-B (9.23), AC-AIASI-T (9.23), ETTI-IETTI-B (abs), MEC-MR-B (abs), MEC-MR-T (abs), MEC-IA-B (abs), MEC-IA-T (abs), MEC-IMEC-B (abs), MEC-IMEC-T (abs)",9.75,9.95,9.55,9.75,9.95,9.1,9.23,9.23,AC,CTI-B,32,roman,2026-07-23 14:00:00,1,,,,,,,,,informatica
32,33,AC-125,"AC-CTI-B (9.21), AC-AIASI-B (9.21), ETTI-IETTI-B (abs)",9.65,10.0,9.55,9.4,10.0,9.1,9.21,9.21,AC,CTI-B,33,roman,2026-07-23 14:00:00,1,,,,,,,,,informatica
33,34,AC-9,"AC-CTI-B (9.21), AC-CTI-T (9.21), ETTI-IETTI-B (abs), ETTI-IETTI-T (abs), IEEIA-IE-B (abs), IEEIA-IE-T (abs)",9.68,9.35,10.0,9.7,9.35,9.1,9.21,9.21,AC,CTI-B,34,roman,2026-07-23 14:00:00,1,,,,,,,,,informatica
34,35,AC-64,"AC-CTI-B (9.20), AC-CTI-T (9.20), AC-AIASI-B (9.20), AC-AIASI-T (9.20), ETTI-IETTI-B (abs), ETTI-IETTI-T (abs), CI-ICIV-B (abs), CI-ICIV-T (abs)",9.60,9.95,9.75,9.1,9.95,9.1,9.2,9.2,AC,CTI-B,35,roman,2026-07-23 14:00:00,1,,,,,,,,,matematica
35,36,AC-99,"AC-CTI-B (9.20), ETTI-IETTIEN-B (abs), MEC-IMEC-B (abs)",9.63,9.75,9.65,9.5,9.75,9.1,9.2,9.2,AC,CTI-B,36,roman,2026-07-23 14:00:00,1,,,,,,,,,matematica
36,37,AC-201,"AC-CTI-B (9.19), AC-AIASI-B (9.19), ETTI-IETTI-B (abs), IEEIA-IE-B (abs), IEEIA-IEN-B (abs), IEEIA-IMGM-B (abs)",9.56,10.0,9.85,8.85,10.0,9.1,9.19,9.19,AC,CTI-B,37,roman,2026-07-23 14:00:00,1,,,,,,,,,matematica
37,38,AC-244,"AC-CTI-B (9.19), AC-AIASI-B (9.19), AC-CTI-T (9.19), AC-AIASI-T (9.19), ETTI-IETTI-B (abs), ETTI-IETTI-T (abs)",9.56,9.35,9.75,9.6,9.35,9.1,9.19,9.19,AC,CTI-B,38,roman,2026-07-23 14:00:00,1,,,,,,,,,matematica
38,39,AC-126,"AC-CTI-B (9.18), AC-CTI-T (9.18), AC-AIASI-B (9.18), AC-AIASI-T (9.18)",9.50,9.8,9.95,8.75,9.8,9.1,9.18,9.18,AC,CTI-B,39,roman,2026-07-23 14:00:00,1,,,,,,,,,informatica
39,40,AC-181,"AC-CTI-B (9.18), AC-CTI-T (9.18), ETTI-IETTI-B (abs), ETTI-IETTIEN-B (abs), ETTI-IETTI-T (abs), ETTI-IETTIEN-T (abs), IEEIA-IE-B (abs), IEEIA-IMGM-B (abs), IEEIA-IE-T (abs), IEEIA-IMGM-T (abs), IEEIA-IEN-B (abs), IEEIA-IEN-T (abs)",9.50,9.55,9.6,9.35,9.55,9.1,9.18,9.18,AC,CTI-B,40,roman,2026-07-23 14:00:00,1,,,,,,,,,matematica
40,41,AC-132,"AC-CTI-B (9.17), AC-CTI-T (9.17), AC-AIASI-B (9.17), AC-AIASI-T (9.17), ETTI-IETTI-B (abs), ETTI-IETTIEN-B (abs)",9.48,9.9,9.35,9.2,9.9,9.1,9.17,9.17,AC,CTI-B,41,roman,2026-07-23 14:00:00,1,,,,,,,,,matematica
41,42,AC-405,"AC-CTI-B (9.17), AC-CTI-T (9.17), AC-AIASI-B (9.17), AC-AIASI-T (9.17), ETTI-IETTI-B (abs)",9.45,9.85,9.2,9.3,9.85,9.1,9.17,9.17,AC,CTI-B,42,roman,2026-07-23 14:00:00,1,,,,,,,,,informatica
42,43,AC-231,"AC-CTI-B (9.16), AC-AIASI-B (9.16), AC-CTI-T (9.16), AC-AIASI-T (9.16), ETTI-IETTI-B (abs), ETTI-IETTI-T (abs)",9.43,9.85,9.55,8.9,9.85,9.1,9.16,9.16,AC,CTI-B,43,roman,2026-07-23 14:00:00,1,,,,,,,,,matematica
43,44,AC-246,"AC-CTI-B (9.16), AC-CTI-T (9.16), AC-AIASI-B (9.16), AC-AIASI-T (9.16), ETTI-IETTI-B (abs), MEC-MR-B (abs), MEC-IMEC-B (abs), MEC-IA-B (abs)",9.40,9.55,8.9,9.75,9.55,9.1,9.16,9.16,AC,CTI-B,44,roman,2026-07-23 14:00:00,1,,,,,,,,,informatica
44,45,AC-254,"AC-CTI-B (9.15), AC-AIASI-B (9.15), AC-CTI-T (9.15), AC-AIASI-T (9.15), ETTI-IETTI-B (abs), ETTI-IETTI-T (abs)",9.35,10.0,10.0,8.05,10.0,9.1,9.15,9.15,AC,CTI-B,45,roman,2026-07-23 14:00:00,1,,,,,,,,,informatica
45,46,AC-44,"AC-CTI-B (9.15), AC-AIASI-B (9.15), ETTI-IETTI-B (abs), MEC-MR-B (abs)",9.36,9.65,10.0,8.45,9.65,9.1,9.15,9.15,AC,CTI-B,46,roman,2026-07-23 14:00:00,1,,,,,,,,,matematica
46,47,AC-247,"AC-CTI-B (9.15), AC-AIASI-B (9.15), AC-CTI-T (9.15), AC-AIASI-T (9.15)",9.36,9.3,9.25,9.55,9.3,9.1,9.15,9.15,AC,CTI-B,47,roman,2026-07-23 14:00:00,1,,,,,,,,,matematica
47,48,AC-50,"AC-CTI-B (9.14), ETTI-IETTIEN-B (abs), ETTI-IETTI-B (abs), IEEIA-IE-B (abs), IEEIA-IEN-B (abs), MEC-MR-B (abs), MEC-IMEC-B (abs)",9.31,9.05,9.7,9.2,9.05,9.1,9.14,9.14,AC,CTI-B,48,roman,2026-07-23 14:00:00,1,,,,,,,,,matematica
48,49,AC-84,"AC-CTI-B (9.08), AC-CTI-T (9.08), AC-AIASI-B (9.08), AC-AIASI-T (9.08), IEEIA-IEN-B (abs), IEEIA-IEN-T (abs), ETTI-IETTI-B (abs), ETTI-IETTI-T (abs), IEEIA-IE-B (abs), IEEIA-IE-T (abs)",9.03,9.0,9.8,8.3,9.0,9.1,9.08,9.08,AC,CTI-B,49,roman,2026-07-23 14:00:00,1,,,,,,,,,informatica
49,50,AC-403,"AC-CTI-B (9.07), AC-CTI-T (9.07), AC-AIASI-B (9.07), AC-AIASI-T (9.07), ETTI-IETTI-B (abs), ETTI-IETTIEN-B (abs), ETTI-IETTI-T (abs), ETTI-IETTIEN-T (abs), IEEIA-IEN-B (abs), IEEIA-IE-B (abs), IEEIA-IMGM-B (abs), IEEIA-IEN-T (abs), IEEIA-IE-T (abs), IEEIA-IMGM-T (abs)",8.96,9.35,9.0,8.55,9.35,9.1,9.07,9.07,AC,CTI-B,50,roman,2026-07-23 14:00:00,1,,,,,,,,,informatica
50,51,AC-39,"AC-CTI-B (9.06), AC-AIASI-B (9.06), AC-CTI-T (9.06), AC-AIASI-T (9.06), ETTI-IETTI-B (abs), IEEIA-IE-B (abs), IEEIA-IEN-B (abs), IEEIA-IMGM-B (abs), IEEIA-IE-T (abs), IEEIA-IEN-T (abs), IEEIA-IMGM-T (abs)",8.91,9.15,9.6,8.0,9.15,9.1,9.06,9.06,AC,CTI-B,51,roman,2026-07-23 14:00:00,1,,,,,,,,,matematica
51,52,AC-479,"AC-CTI-B (9.05), AC-AIASI-B (9.05)",8.88,10.0,9.6,7.05,10.0,9.1,9.05,9.05,AC,CTI-B,52,roman,2026-07-23 14:00:00,1,,,,,,,,,matematica
52,53,AC-235,"AC-CTI-B (9.01), AC-CTI-T (9.01), AC-AIASI-B (9.01), ETTI-IETTI-B (abs)",9.85,10.0,9.9,9.65,10.0,8.8,9.01,9.01,AC,CTI-B,53,roman,2026-07-23 14:00:00,1,,,,,,,,,informatica
53,54,AC-45,"AC-CTI-B (9.00), AC-CTI-T (9.00), AC-AIASI-B (9.00)",9.81,9.95,10.0,9.5,9.95,8.8,9.0,9.0,AC,CTI-B,54,roman,2026-07-23 14:00:00,1,,,,,,,,,matematica
54,55,AC-398,"AC-CTI-B (8.97), AC-CTI-T (8.97)",9.68,10.0,9.3,9.75,10.0,8.8,8.97,8.97,AC,CTI-B,55,roman,2026-07-23 14:00:00,1,,,,,,,,,matematica
55,56,AC-103,"AC-CTI-B (8.97), AC-CTI-T (8.97), AC-AIASI-B (8.97), AC-AIASI-T (8.97), ETTI-IETTI-B (abs), ETTI-IETTIEN-B (abs), IEEIA-IE-B (abs), IEEIA-IEN-B (abs), IEEIA-IMGM-B (abs)",9.68,9.95,9.85,9.25,9.95,8.8,8.97,8.97,AC,CTI-B,56,roman,2026-07-23 14:00:00,1,,,,,,,,,informatica
56,57,AC-289,"AC-CTI-B (8.97), AC-AIASI-B (8.97), AC-CTI-T (8.97), AC-AIASI-T (8.97), ETTI-IETTI-B (abs), MEC-MR-B (abs), ETTI-IETTI-T (abs), MEC-MR-T (abs)",9.65,9.55,9.9,9.5,9.55,8.8,8.97,8.97,AC,CTI-B,57,roman,2026-07-23 14:00:00,1,,,,,,,,,informatica
57,58,AC-58,"AC-CTI-B (8.96), AC-AIASI-B (8.96), ETTI-IETTI-B (abs)",9.63,9.95,9.4,9.55,9.95,8.8,8.96,8.96,AC,CTI-B,58,roman,2026-07-23 14:00:00,1,,,,,,,,,informatica
58,59,AC-313,"AC-CTI-B (8.95), AC-CTI-T (8.95), AC-AIASI-B (8.95)",9.58,9.95,9.95,8.85,9.95,8.8,8.95,8.95,AC,CTI-B,59,roman,2026-07-23 14:00:00,1,,,,,,,,,informatica
59,60,AC-456,"AC-CTI-B (8.95), AC-AIASI-B (8.95), AC-CTI-T (8.95), AC-AIASI-T (8.95), ETTI-IETTI-B (abs), ETTI-IETTI-T (abs)",9.56,9.25,10.0,9.45,9.25,8.8,8.95,8.95,AC,CTI-B,60,roman,2026-07-23 14:00:00,1,,,,,,,,,informatica
60,61,AC-80,"AC-CTI-B (8.94), AC-AIASI-B (8.94), AC-CTI-T (8.94), AC-AIASI-T (8.94), CI-ICIV-B (abs), CI-IMC-B (abs), ETTI-IETTI-B (abs), ETTI-IETTIEN-B (abs), CI-II-B (abs), CI-ICIV-T (abs), CI-IMC-T (abs), ETTI-IETTI-T (abs), ETTI-IETTIEN-T (abs), CI-II-T (abs)",9.53,9.9,9.0,9.7,9.9,8.8,8.94,8.94,AC,CTI-B,61,roman,2026-07-23 14:00:00,1,,,,,,,,,informatica
61,62,AC-102,"AC-CTI-B (8.92), AC-AIASI-B (8.92), ETTI-IETTI-B (abs)",9.40,10.0,9.55,8.65,10.0,8.8,8.92,8.92,AC,CTI-B,62,roman,2026-07-23 14:00:00,1,,,,,,,,,matematica
62,63,AC-236,"AC-CTI-B (8.92), AC-AIASI-B (8.92), AC-CTI-T (8.92), AC-AIASI-T (8.92), ETTI-IETTI-B (abs), ETTI-IETTI-T (abs)",9.40,10.0,10.0,8.2,10.0,8.8,8.92,8.92,AC,CTI-B,63,roman,2026-07-23 14:00:00,1,,,,,,,,,matematica
63,64,AC-208,"AC-CTI-B (8.88), AC-AIASI-B (8.88), ETTI-IETTI-B (abs), ETTI-IETTIEN-B (abs), IEEIA-IMGM-B (abs), IEEIA-IE-B (abs), IEEIA-IEN-B (abs)",9.20,10.0,9.6,8.0,10.0,8.8,8.88,8.88,AC,CTI-B,64,roman,2026-07-23 14:00:00,1,,,,,,,,,matematica
64,65,AC-295,"AC-CTI-B (8.88), AC-AIASI-B (8.88), AC-CTI-T (8.88), AC-AIASI-T (8.88), ETTI-IETTI-B (abs), IEEIA-IE-B (abs), IEEIA-IEN-B (abs), IEEIA-IMGM-B (abs), IEEIA-IE-T (abs), IEEIA-IEN-T (abs), IEEIA-IMGM-T (abs), ETTI-IETTI-T (abs)",9.21,9.2,9.9,8.55,9.2,8.8,8.88,8.88,AC,CTI-B,65,roman,2026-07-23 14:00:00,1,,,,,,,,,informatica
65,66,AC-358,"AC-CTI-B (8.87), AC-AIASI-B (8.87), ETTI-IETTI-B (abs), ETTI-IETTIEN-B (abs)",9.18,9.7,8.75,9.1,9.7,8.8,8.87,8.87,AC,CTI-B,66,roman,2026-07-23 14:00:00,1,,,,,,,,,matematica
66,67,AC-329,"AC-CTI-B (8.85), AC-AIASI-B (8.85), ETTI-IETTI-B (abs), MEC-MR-B (abs), MEC-IA-B (abs), MEC-IMEC-B (abs)",7.88,9.45,8.1,6.1,9.45,9.1,8.85,8.85,AC,CTI-B,67,roman,2026-07-23 14:00:00,1,,,,,,,,,matematica
67,68,AC-92,"AC-CTI-B (8.85), AC-AIASI-B (8.85), IEEIA-IEN-B (abs), ETTI-IETTI-B (abs), IEEIA-IE-B (abs), IEEIA-IMGM-B (abs)",9.05,9.6,9.35,8.2,9.6,8.8,8.85,8.85,AC,CTI-B,68,roman,2026-07-23 14:00:00,1,,,,,,,,,informatica
68,69,AC-274,"AC-CTI-B (8.82), AC-AIASI-B (8.82)",7.73,7.5,7.95,7.75,7.5,9.1,8.82,8.82,AC,CTI-B,69,roman,2026-07-23 14:00:00,1,,,,,,,,,matematica
69,70,AC-347,"AC-CTI-B (8.82), AC-AIASI-B (8.82), AC-CTI-T (8.82), AC-AIASI-T (8.82), ETTI-IETTI-B (abs), ETTI-IETTIEN-B (abs), ETTI-IETTI-T (abs), ETTI-IETTIEN-T (abs)",8.90,8.95,9.55,8.2,8.95,8.8,8.82,8.82,AC,CTI-B,70,roman,2026-07-23 14:00:00,1,,,,,,,,,informatica
70,71,AC-218,"AC-CTI-B (8.76), AC-AIASI-B (8.76)",9.80,10.0,10.0,9.4,10.0,8.5,8.76,8.76,AC,CTI-B,71,roman,2026-07-23 14:00:00,1,,,,,,,,,informatica
71,72,AC-68,"AC-CTI-B (8.76), ETTI-IETTI-B (abs)",9.81,9.95,9.85,9.65,9.95,8.5,8.76,8.76,AC,CTI-B,72,roman,2026-07-23 14:00:00,1,,,,,,,,,matematica
72,73,AC-30,"AC-CTI-B (8.74), AC-CTI-T (8.74), AC-AIASI-B (8.74), AC-AIASI-T (8.74), ETTI-IETTI-B (abs), ETTI-IETTI-T (abs), IEEIA-IE-B (abs), IEEIA-IE-T (abs)",9.70,10.0,9.4,9.7,10.0,8.5,8.74,8.74,AC,CTI-B,73,roman,2026-07-23 14:00:00,1,,,,,,,,,matematica
73,74,AC-463,"AC-CTI-B (8.73), AC-AIASI-B (8.73)",9.68,9.7,9.7,9.65,9.7,8.5,8.73,8.73,AC,CTI-B,74,roman,2026-07-23 14:00:00,1,,,,,,,,,informatica
74,75,AC-24,"AC-CTI-B (8.73), AC-AIASI-B (8.73), ETTI-IETTI-B (abs), ETTI-IETTIEN-B (abs), IEEIA-IMGM-B (abs), ICPM-IC-B (abs), ICPM-IMED-B (abs)",9.65,9.35,10.0,9.6,9.35,8.5,8.73,8.73,AC,CTI-B,75,roman,2026-07-23 14:00:00,1,,,,,,,,,informatica
75,76,AC-10,"AC-CTI-B (8.72), AC-CTI-T (8.72), AC-AIASI-B (8.72), AC-AIASI-T (8.72), IEEIA-IE-B (abs), IEEIA-IEN-B (abs), IEEIA-IMGM-B (abs), ETTI-IETTI-B (abs), IEEIA-IE-T (abs), IEEIA-IEN-T (abs), IEEIA-IMGM-T (abs), ETTI-IETTI-T (abs)",9.63,10.0,9.15,9.75,10.0,8.5,8.72,8.72,AC,CTI-B,76,roman,2026-07-23 14:00:00,1,,,,,,,,,matematica
76,77,AC-269,"AC-CTI-B (8.72), AC-AIASI-B (8.72), AC-CTI-T (8.72), AC-AIASI-T (8.72)",9.60,9.65,9.8,9.35,9.65,8.5,8.72,8.72,AC,CTI-B,77,roman,2026-07-23 14:00:00,1,,,,,,,,,matematica
77,78,AC-197,"AC-CTI-B (8.71), AC-AIASI-B (8.71), AC-CTI-T (8.71), AC-AIASI-T (8.71), ETTI-IETTI-B (abs), ETTI-IETTI-T (abs)",9.58,9.95,10.0,8.8,9.95,8.5,8.71,8.71,AC,CTI-B,78,roman,2026-07-23 14:00:00,1,,,,,,,,,matematica
78,79,AC-189,"AC-CTI-B (8.70), AC-CTI-T (8.70), AC-AIASI-B (8.70), AC-AIASI-T (8.70), ETTI-IETTI-B (abs), ETTI-IETTI-T (abs), ETTI-IETTIEN-B (abs), ETTI-IETTIEN-T (abs), IEEIA-IE-B (abs), IEEIA-IE-T (abs), IEEIA-IEN-B (abs), IEEIA-IEN-T (abs), IEEIA-IMGM-B (abs), IEEIA-IMGM-T (abs)",9.53,9.6,9.9,9.1,9.6,8.5,8.7,8.7,AC,CTI-B,79,roman,2026-07-23 14:00:00,1,,,,,,,,,matematica
79,80,AC-207,"AC-CTI-B (8.70), AC-AIASI-B (8.70), AC-CTI-T (8.70), AC-AIASI-T (8.70), ETTI-IETTI-B (abs), IEEIA-IE-B (abs)",9.50,9.6,9.85,9.05,9.6,8.5,8.7,8.7,AC,CTI-B,80,roman,2026-07-23 14:00:00,1,,,,,,,,,informatica
80,81,AC-293,"AC-CTI-B (8.70), AC-AIASI-B (8.70), AC-CTI-T (8.70), AC-AIASI-T (8.70)",9.51,9.3,10.0,9.25,9.3,8.5,8.7,8.7,AC,CTI-B,81,roman,2026-07-23 14:00:00,1,,,,,,,,,matematica
81,82,AC-133,"AC-CTI-B (8.68), ETTI-IETTI-B (abs)",9.43,9.95,9.6,8.75,9.95,8.5,8.68,8.68,AC,CTI-B,82,roman,2026-07-23 14:00:00,1,,,,,,,,,matematica
82,83,AC-279,"AC-CTI-B (8.67), AC-AIASI-B (8.67), AC-CTI-T (8.67), AC-AIASI-T (8.67), ETTI-IETTI-B (abs), IEEIA-IE-B (abs), IEEIA-IEN-B (abs), CI-ICIV-B (abs), CI-IMC-B (abs), CI-II-B (abs), IEEIA-IMGM-B (abs), IEEIA-IEN-T (abs), MEC-MR-B (abs), MEC-IA-B (abs), MEC-IMEC-B (abs)",9.36,9.85,9.35,8.9,9.85,8.5,8.67,8.67,AC,CTI-B,83,roman,2026-07-23 14:00:00,1,,,,,,,,,matematica
83,84,AC-341,"AC-CTI-B (8.66), AC-AIASI-B (8.66), AC-CTI-T (8.66), AC-AIASI-T (8.66), ETTI-IETTI-B (abs), ETTI-IETTIEN-B (abs), IEEIA-IEN-B (abs), IEEIA-IE-B (abs), ETTI-IETTI-T (abs), ETTI-IETTIEN-T (abs), IEEIA-IE-T (abs)",9.33,9.95,9.9,8.15,9.95,8.5,8.66,8.66,AC,CTI-B,84,roman,2026-07-23 14:00:00,1,,,,,,,,,informatica
84,85,AC-299,"AC-CTI-B (8.65), AC-CTI-T (8.65), AC-AIASI-B (8.65), AC-AIASI-T (8.65), ETTI-IETTIEN-B (abs), ETTI-IETTI-B (abs), ETTI-IETTIEN-T (abs), ETTI-IETTI-T (abs), IEEIA-IE-B (abs), IEEIA-IEN-B (abs), IEEIA-IMGM-B (abs), IEEIA-IE-T (abs), IEEIA-IEN-T (abs), IEEIA-IMGM-T (abs)",9.26,9.45,9.35,9.0,9.45,8.5,8.65,8.65,AC,CTI-B,85,roman,2026-07-23 14:00:00,1,,,,,,,,,matematica
85,86,AC-90,"AC-CTI-B (8.64), AC-CTI-T (8.64), AC-AIASI-B (8.64), AC-AIASI-T (8.64), ETTI-IETTI-B (abs), ETTI-IETTI-T (abs), IEEIA-IEN-B (abs), IEEIA-IEN-T (abs), IEEIA-IE-B (abs), IEEIA-IE-T (abs), IEEIA-IMGM-B (abs), IEEIA-IMGM-T (abs), MEC-MR-B (abs), MEC-MR-T (abs)",9.20,10.0,9.2,8.4,10.0,8.5,8.64,8.64,AC,CTI-B,86,roman,2026-07-23 14:00:00,1,,,,,,,,,matematica
86,87,AC-321,"AC-CTI-B (8.63), AC-AIASI-B (8.63), ETTI-IETTI-B (abs)",9.15,9.85,9.25,8.35,9.85,8.5,8.63,8.63,AC,CTI-B,87,roman,2026-07-23 14:00:00,1,,,,,,,,,informatica
87,88,AC-196,"AC-CTI-B (8.63), AC-CTI-T (8.63), AC-AIASI-B (8.63), AC-AIASI-T (8.63)",9.16,9.75,9.2,8.55,9.75,8.5,8.63,8.63,AC,CTI-B,88,roman,2026-07-23 14:00:00,1,,,,,,,,,matematica
88,89,AC-188,"AC-CTI-B (8.61), AC-CTI-T (8.61), AC-AIASI-B (8.61), AC-AIASI-T (8.61), ETTI-IETTI-B (abs), ETTI-IETTI-T (abs), ETTI-IETTIEN-B (abs), ETTI-IETTIEN-T (abs), ICPM-IC-B (abs), ICPM-IC-T (abs), ICPM-IMED-B (abs), ICPM-IMED-T (abs)",9.06,10.0,10.0,7.2,10.0,8.5,8.61,8.61,AC,CTI-B,89,roman,2026-07-23 14:00:00,1,,,,,,,,,informatica
89,90,AC-135,"AC-CTI-B (8.61), AC-CTI-T (8.61), AC-AIASI-B (8.61), AC-AIASI-T (8.61)",9.05,9.25,8.6,9.3,9.25,8.5,8.61,8.61,AC,CTI-B,90,roman,2026-07-23 14:00:00,1,,,,,,,,,matematica
90,91,AC-212,"AC-CTI-B (8.61), AC-CTI-T (8.61), AC-AIASI-B (8.61), AC-AIASI-T (8.61)",9.06,9.05,9.6,8.55,9.05,8.5,8.61,8.61,AC,CTI-B,91,roman,2026-07-23 14:00:00,1,,,,,,,,,informatica
91,92,AC-421,"AC-CTI-B (8.59), AC-CTI-T (8.59), AC-AIASI-B (8.59), AC-AIASI-T (8.59), ETTI-IETTIEN-B (abs), ETTI-IETTIEN-T (abs), ETTI-IETTI-B (abs), ETTI-IETTI-T (abs), IEEIA-IEN-B (abs), IEEIA-IEN-T (abs), IEEIA-IE-B (abs), IEEIA-IE-T (abs), IEEIA-IMGM-B (abs), IEEIA-IMGM-T (abs)",8.98,9.6,8.5,8.85,9.6,8.5,8.59,8.59,AC,CTI-B,92,roman,2026-07-23 14:00:00,1,,,,,,,,,matematica
92,93,AC-253,"AC-CTI-B (8.53), AC-CTI-T (8.53), AC-AIASI-B (8.53)",8.66,8.65,9.6,7.75,8.65,8.5,8.53,8.53,AC,CTI-B,93,roman,2026-07-23 14:00:00,1,,,,,,,,,informatica
93,94,AC-36,"AC-CTI-B (8.51), AC-CTI-T (8.51), AC-AIASI-B (8.51), AC-AIASI-T (8.51), ETTI-IETTI-B (abs)",9.75,10.0,9.6,9.65,10.0,8.2,8.51,8.51,AC,CTI-B,94,roman,2026-07-23 14:00:00,1,,,,,,,,,matematica
94,95,AC-171,"AC-CTI-B (8.51), AC-CTI-T (8.51), AC-AIASI-B (8.51), AC-AIASI-T (8.51)",9.76,9.45,9.85,10.0,0.0,8.2,8.51,8.51,AC,CTI-B,95,roman,2026-07-23 14:00:00,1,,,,,,,,,informatica
95,96,AC-13,"AC-CTI-B (8.50), AC-AIASI-B (8.50), AC-CTI-T (8.50), AC-AIASI-T (8.50), IEEIA-IE-B (abs), ETTI-IETTI-B (abs), IEEIA-IE-T (abs), ETTI-IETTIEN-T (abs)",9.70,10.0,9.8,9.3,10.0,8.2,8.5,8.5,AC,CTI-B,96,roman,2026-07-23 14:00:00,1,,,,,,,,,matematica
96,97,AC-85,"AC-CTI-B (8.50), AC-AIASI-B (8.50), AC-CTI-T (8.50), AC-AIASI-T (8.50)",9.70,9.85,9.4,9.85,9.85,8.2,8.5,8.5,AC,CTI-B,97,roman,2026-07-23 14:00:00,1,,,,,,,,,matematica
97,98,AC-202,"AC-CTI-B (8.49), AC-CTI-T (8.49)",9.66,10.0,10.0,9.0,10.0,8.2,8.49,8.49,AC,CTI-B,98,roman,2026-07-23 14:00:00,1,,,,,,,,,informatica
98,99,AC-71,"AC-CTI-B (8.49), AC-AIASI-B (8.49), AC-CTI-T (8.49), AC-AIASI-T (8.49), CI-ICIV-B (abs), CI-II-B (abs), CI-IMC-B (abs)",9.68,9.75,9.9,9.4,9.75,8.2,8.49,8.49,AC,CTI-B,99,roman,2026-07-23 14:00:00,1,,,,,,,,,matematica
99,100,AC-23,"AC-CTI-B (8.47), AC-AIASI-B (8.47), MEC-MR-B (abs)",9.58,10.0,10.0,8.75,10.0,8.2,8.47,8.47,AC,CTI-B,100,roman,2026-07-23 14:00:00,1,,,,,,,,,informatica
100,101,AC-63,"AC-CTI-B (8.47), AC-CTI-T (8.47), AC-AIASI-B (8.47), ETTI-IETTI-B (abs)",9.58,9.9,9.9,8.95,9.9,8.2,8.47,8.47,AC,CTI-B,101,roman,2026-07-23 14:00:00,1,,,,,,,,,informatica
101,102,AC-427,AC-CTI-B (8.46),9.53,9.75,9.0,9.85,9.75,8.2,8.46,8.46,AC,CTI-B,102,roman,2026-07-23 14:00:00,1,,,,,,,,,matematica
102,103,AC-75,"AC-CTI-B (8.46), AC-CTI-T (8.46), AC-AIASI-B (8.46)",9.53,9.75,9.95,8.9,9.75,8.2,8.46,8.46,AC,CTI-B,103,roman,2026-07-23 14:00:00,1,,,,,,,,,informatica
103,104,AC-476,"AC-CTI-B (8.45), AC-CTI-T (8.45)",9.48,9.2,9.65,9.6,9.2,8.2,8.45,8.45,AC,CTI-B,104,roman,2026-07-23 14:00:00,1,,,,,,,,,informatica
104,105,AC-394,"AC-CTI-B (8.44), AC-CTI-T (8.44), AC-AIASI-B (8.44), AC-AIASI-T (8.44), ETTI-IETTI-B (abs), ETTI-IETTI-T (abs), IEEIA-IE-B (abs), IEEIA-IE-T (abs), IEEIA-IEN-B (abs), IEEIA-IEN-T (abs), IEEIA-IMGM-B (abs), IEEIA-IMGM-T (abs)",9.40,9.9,9.9,8.4,9.9,8.2,8.44,8.44,AC,CTI-B,105,roman,2026-07-23 14:00:00,1,,,,,,,,,informatica
105,106,AC-105,"AC-CTI-B (8.44), AC-CTI-T (8.44), AC-AIASI-B (8.44), AC-AIASI-T (8.44)",9.41,9.55,9.9,8.8,9.55,8.2,8.44,8.44,AC,CTI-B,106,roman,2026-07-23 14:00:00,1,,,,,,,,,informatica
106,107,AC-69,"AC-CTI-B (8.43), AC-AIASI-B (8.43), AC-CTI-T (8.43), AC-AIASI-T (8.43)",9.36,10.0,9.8,8.3,10.0,8.2,8.43,8.43,AC,CTI-B,107,roman,2026-07-23 14:00:00,1,,,,,,,,,informatica
107,108,AC-407,"AC-CTI-B (8.43), AC-CTI-T (8.43), AC-AIASI-B (8.43), AC-AIASI-T (8.43)",9.36,9.7,9.95,8.45,9.7,8.2,8.43,8.43,AC,CTI-B,108,roman,2026-07-23 14:00:00,1,,,,,,,,,matematica
108,109,AC-371,"AC-CTI-B (8.43), AC-CTI-T (8.43), AC-AIASI-B (8.43), AC-AIASI-T (8.43), ETTI-IETTI-B (abs), ETTI-IETTI-T (abs), IEEIA-IE-B (abs), IEEIA-IE-T (abs), IEEIA-IEN-B (abs), IEEIA-IEN-T (abs), IEEIA-IMGM-B (abs), IEEIA-IMGM-T (abs)",9.38,9.4,9.85,8.9,9.4,8.2,8.43,8.43,AC,CTI-B,109,roman,2026-07-23 14:00:00,1,,,,,,,,,informatica
109,110,AC-155,"AC-CTI-B (8.43), AC-CTI-T (8.43), AC-AIASI-B (8.43), AC-AIASI-T (8.43), ETTI-IETTIEN-B (abs), ETTI-IETTI-B (abs), ETTI-IETTI-T (abs), IEEIA-IE-B (abs), IEEIA-IEN-B (abs), IEEIA-IE-T (abs), IEEIA-IEN-T (abs)",9.36,8.9,9.4,9.8,8.9,8.2,8.43,8.43,AC,CTI-B,110,roman,2026-07-23 14:00:00,1,,,,,,,,,matematica
110,111,AC-367,"AC-CTI-B (8.42), AC-CTI-T (8.42), AC-AIASI-B (8.42), AC-AIASI-T (8.42), CI-ICIV-B (abs), ETTI-IETTI-B (abs), CI-ICIV-T (abs), ETTI-IETTI-T (abs)",9.33,10.0,9.6,8.4,10.0,8.2,8.42,8.42,AC,CTI-B,111,roman,2026-07-23 14:00:00,1,,,,,,,,,matematica
111,112,AC-426,"AC-CTI-B (8.42), AC-CTI-T (8.42), AC-AIASI-B (8.42), AC-AIASI-T (8.42)",9.30,9.1,9.25,9.55,9.1,8.2,8.42,8.42,AC,CTI-B,112,roman,2026-07-23 14:00:00,1,,,,,,,,,matematica
112,113,AC-365,"AC-CTI-B (8.41), AC-AIASI-B (8.41), ETTI-IETTIEN-B (abs), ETTI-IETTI-B (abs), MEC-MR-B (abs), MEC-IMEC-B (abs), MEC-IA-B (abs)",9.26,9.45,8.45,9.9,9.45,8.2,8.41,8.41,AC,CTI-B,113,roman,2026-07-23 14:00:00,1,,,,,,,,,matematica
113,114,AC-250,"AC-CTI-B (8.40), AC-AIASI-B (8.40), AC-CTI-T (8.40), AC-AIASI-T (8.40)",9.21,9.45,9.1,9.1,9.45,8.2,8.4,8.4,AC,CTI-B,114,roman,2026-07-23 14:00:00,1,,,,,,,,,matematica
114,115,AC-28,"AC-CTI-B (8.39), AC-AIASI-B (8.39), AC-CTI-T (8.39), AC-AIASI-T (8.39), ETTI-IETTI-B (abs), ETTI-IETTI-T (abs), IEEIA-IE-B (abs)",9.18,9.15,9.55,8.85,9.15,8.2,8.39,8.39,AC,CTI-B,115,roman,2026-07-23 14:00:00,1,,,,,,,,,informatica
115,116,AC-46,"AC-CTI-B (8.39), AC-AIASI-B (8.39), AC-CTI-T (8.39), AC-AIASI-T (8.39), ETTI-IETTI-B (abs), ETTI-IETTI-T (abs), IEEIA-IE-B (abs), IEEIA-IE-T (abs)",9.16,9.1,8.95,9.45,9.1,8.2,8.39,8.39,AC,CTI-B,116,roman,2026-07-23 14:00:00,1,,,,,,,,,matematica
116,117,AC-346,"AC-CTI-B (8.38), AC-CTI-T (8.38), AC-AIASI-B (8.38), AC-AIASI-T (8.38), ETTI-IETTI-B (abs), ETTI-IETTIEN-B (abs), ETTI-IETTI-T (abs), ETTI-IETTIEN-T (abs), HGIM-IG-B (abs), HGIM-ICIV-B (abs), HGIM-IMED-B (abs)",9.11,9.8,8.3,9.25,9.8,8.2,8.38,8.38,AC,CTI-B,117,roman,2026-07-23 14:00:00,1,,,,,,,,,matematica
117,118,AC-86,"AC-CTI-B (8.38), AC-CTI-T (8.38), ETTI-IETTI-B (abs), ETTI-IETTI-T (abs), IEEIA-IE-B (abs), IEEIA-IE-T (abs)",9.11,9.6,8.9,8.85,9.6,8.2,8.38,8.38,AC,CTI-B,118,roman,2026-07-23 14:00:00,1,,,,,,,,,matematica
118,119,AC-192,"AC-CTI-B (8.38), AC-CTI-T (8.38), AC-AIASI-B (8.38), AC-AIASI-T (8.38)",9.10,8.2,9.65,9.45,8.2,8.2,8.38,8.38,AC,CTI-B,119,roman,2026-07-23 14:00:00,1,,,,,,,,,informatica
119,120,AC-349,"AC-CTI-B (8.37), AC-AIASI-B (8.37), AC-CTI-T (8.37), IEEIA-IE-B (abs), IEEIA-IEN-B (abs), ETTI-IETTI-B (abs)",9.08,10.0,9.25,8.0,10.0,8.2,8.37,8.37,AC,CTI-B,120,roman,2026-07-23 14:00:00,1,,,,,,,,,matematica
120,121,AC-288,"AC-CTI-B (8.35), AC-CTI-T (8.35), AC-AIASI-B (8.35), ETTI-IETTI-B (abs), IEEIA-IE-B (abs), IEEIA-IEN-B (abs), IEEIA-IE-T (abs)",8.96,9.95,9.6,7.35,9.95,8.2,8.35,8.35,AC,CTI-B,121,roman,2026-07-23 14:00:00,1,,,,,,,,,matematica
121,122,AC-285,"AC-CTI-B (8.35), AC-CTI-T (8.35), AC-AIASI-B (8.35), AC-AIASI-T (8.35), ETTI-IETTI-B (abs)",8.95,9.2,9.45,8.2,9.2,8.2,8.35,8.35,AC,CTI-B,122,roman,2026-07-23 14:00:00,1,,,,,,,,,informatica
122,123,AC-195,"AC-CTI-B (8.35), AC-CTI-T (8.35), ETTI-IETTI-B (abs), ETTI-IETTI-T (abs), IEEIA-IE-B (abs), IEEIA-IE-T (abs)",8.96,8.45,10.0,8.45,8.45,8.2,8.35,8.35,AC,CTI-B,123,roman,2026-07-23 14:00:00,1,,,,,,,,,informatica
123,124,AC-312,"AC-CTI-B (8.32), AC-AIASI-B (8.32), AC-CTI-T (8.32), AC-AIASI-T (8.32)",8.81,9.1,8.85,8.5,9.1,8.2,8.32,8.32,AC,CTI-B,124,roman,2026-07-23 14:00:00,1,,,,,,,,,informatica
124,125,AC-353,"AC-CTI-B (8.29), AC-CTI-T (8.29), ETTI-IETTI-B (abs), IEEIA-IE-B (abs), ETTI-IETTI-T (abs), IEEIA-IE-T (abs), ETTI-IETTIEN-B (abs), IEEIA-IEN-B (abs)",8.66,8.95,9.05,8.0,8.95,8.2,8.29,8.29,AC,CTI-B,125,roman,2026-07-23 14:00:00,1,,,,,,,,,informatica
125,126,AC-41,"AC-CTI-B (8.27), AC-AIASI-B (8.27), ETTI-IETTI-B (abs)",9.76,10.0,9.7,9.6,10.0,7.9,8.27,8.27,AC,CTI-B,126,roman,2026-07-23 14:00:00,1,,,,,,,,,informatica
126,127,AC-356,"AC-CTI-B (8.27), AC-AIASI-B (8.27), AC-CTI-T (8.27), AC-AIASI-T (8.27)",9.76,9.8,10.0,9.5,9.8,7.9,8.27,8.27,AC,CTI-B,127,roman,2026-07-23 14:00:00,1,,,,,,,,,informatica
127,128,AC-124,"AC-CTI-B (8.25), AC-CTI-T (8.25), AC-AIASI-B (8.25), AC-AIASI-T (8.25), ETTI-IETTI-B (abs), ETTI-IETTI-T (abs), ETTI-IETTIEN-B (abs), ETTI-IETTIEN-T (abs), IEEIA-IE-B (abs), IEEIA-IE-T (abs), IEEIA-IMGM-B (abs), IEEIA-IMGM-T (abs), IEEIA-IEN-B (abs), IEEIA-IEN-T (abs)",9.65,9.8,9.85,9.3,9.8,7.9,8.25,8.25,AC,CTI-B,128,roman,2026-07-23 14:00:00,1,,,,,,,,,informatica
128,129,AC-173,"AC-CTI-B (8.24), AC-AIASI-B (8.24)",8.40,8.55,8.9,7.75,8.55,8.2,8.24,8.24,AC,CTI-B,129,roman,2026-07-23 14:00:00,1,,,,,,,,,informatica
129,130,AC-33,"AC-CTI-B (8.24), AC-AIASI-B (8.24), AC-CTI-T (8.24), AC-AIASI-T (8.24), MEC-MR-B (abs), IEEIA-IE-B (abs), IEEIA-IEN-B (abs), MEC-IMEC-B (abs), MEC-MR-T (abs), MEC-IMEC-T (abs), IEEIA-IE-T (abs), IEEIA-IEN-T (abs)",9.63,9.95,9.65,9.3,9.95,7.9,8.24,8.24,AC,CTI-B,130,roman,2026-07-23 14:00:00,1,,,,,,,,,matematica
130,131,AC-151,"AC-CTI-B (8.24), AC-AIASI-B (8.24), AC-CTI-T (8.24), AC-AIASI-T (8.24), ETTI-IETTI-B (abs), ETTI-IETTI-T (abs)",9.63,9.95,9.85,9.1,9.95,7.9,8.24,8.24,AC,CTI-B,131,roman,2026-07-23 14:00:00,1,,,,,,,,,informatica
131,132,AC-83,"AC-CTI-B (8.22), AC-CTI-T (8.22), AC-AIASI-B (8.22), AC-AIASI-T (8.22), ETTI-IETTI-B (abs), IEEIA-IE-B (abs)",9.53,9.85,10.0,8.75,9.85,7.9,8.22,8.22,AC,CTI-B,132,roman,2026-07-23 14:00:00,1,,,,,,,,,informatica
132,133,AC-104,"AC-CTI-B (8.21), AC-AIASI-B (8.21), AC-CTI-T (8.21), ETTI-IETTI-B (abs), IEEIA-IE-B (abs)",9.45,9.65,9.8,8.9,9.65,7.9,8.21,8.21,AC,CTI-B,133,roman,2026-07-23 14:00:00,1,,,,,,,,,informatica
133,134,AC-399,"AC-CTI-B (8.21), AC-CTI-T (8.21), AC-AIASI-B (8.21), AC-AIASI-T (8.21)",9.48,9.45,10.0,9.0,9.45,7.9,8.21,8.21,AC,CTI-B,134,roman,2026-07-23 14:00:00,1,,,,,,,,,informatica
134,135,AC-66,"AC-CTI-B (8.21), AC-AIASI-B (8.21), AC-CTI-T (8.21), AC-AIASI-T (8.21), ETTI-IETTI-B (abs), IEEIA-IE-B (abs)",9.48,9.4,9.55,9.5,9.4,7.9,8.21,8.21,AC,CTI-B,135,roman,2026-07-23 14:00:00,1,,,,,,,,,matematica
135,136,AC-234,"AC-CTI-B (8.20), AC-CTI-T (8.20), AC-AIASI-B (8.20), AC-AIASI-T (8.20)",9.43,9.35,9.95,9.0,9.35,7.9,8.2,8.2,AC,CTI-B,136,roman,2026-07-23 14:00:00,1,,,,,,,,,informatica
136,137,AC-291,"AC-CTI-B (8.18), AC-CTI-T (8.18), ETTI-IETTI-B (abs), ETTI-IETTIEN-B (abs), IEEIA-IE-B (abs), IEEIA-IEN-B (abs), IEEIA-IMGM-B (abs)",9.30,9.6,9.45,8.85,9.6,7.9,8.18,8.18,AC,CTI-B,137,roman,2026-07-23 14:00:00,1,,,,,,,,,informatica
137,138,AC-248,"AC-CTI-B (8.17), AC-CTI-T (8.17), AC-AIASI-B (8.17), AC-AIASI-T (8.17), ETTI-IETTI-B (abs), ETTI-IETTIEN-B (abs), ETTI-IETTI-T (abs), ETTI-IETTIEN-T (abs)",9.28,9.35,9.7,8.8,9.35,7.9,8.17,8.17,AC,CTI-B,138,roman,2026-07-23 14:00:00,1,,,,,,,,,informatica
138,139,AC-120,"AC-CTI-B (8.15), AC-AIASI-B (8.15), AC-CTI-T (8.15), AC-AIASI-T (8.15)",9.15,9.65,8.95,8.85,9.65,7.9,8.15,8.15,AC,CTI-B,139,roman,2026-07-23 14:00:00,1,,,,,,,,,informatica
139,140,AC-415,"AC-CTI-B (8.15), AC-AIASI-B (8.15), ETTI-IETTI-B (abs)",9.16,9.0,9.65,8.85,9.0,7.9,8.15,8.15,AC,CTI-B,140,roman,2026-07-23 14:00:00,1,,,,,,,,,matematica
140,141,AC-261,"AC-CTI-B (8.11), AC-AIASI-B (8.11), ETTI-IETTI-B (abs)",8.98,9.55,8.05,9.35,9.55,7.9,8.11,8.11,AC,CTI-B,141,roman,2026-07-23 14:00:00,1,,,,,,,,,matematica
141,142,AC-5,"AC-CTI-B (8.10), AC-AIASI-B (8.10), ETTI-IETTI-B (abs), IEEIA-IE-B (abs)",8.93,9.8,8.55,8.45,9.8,7.9,8.1,8.1,AC,CTI-B,142,roman,2026-07-23 14:00:00,1,,,,,,,,,matematica
142,143,AC-177,"AC-CTI-B (8.09), AC-CTI-T (8.09), AC-AIASI-B (8.09), AC-AIASI-T (8.09)",8.85,9.4,9.5,7.65,9.4,7.9,8.09,8.09,AC,CTI-B,143,roman,2026-07-23 14:00:00,1,,,,,,,,,informatica
143,144,AC-336,"AC-CTI-B (8.08), AC-CTI-T (8.08), AC-AIASI-B (8.08), AC-AIASI-T (8.08), ETTI-IETTI-B (abs), ETTI-IETTI-T (abs), ETTI-IETTIEN-B (abs), ETTI-IETTIEN-T (abs), CI-II-B (abs), CI-ICIV-B (abs), CI-IMC-B (abs), CI-II-T (abs), CI-ICIV-T (abs), CI-IMC-T (abs)",8.83,8.85,9.35,8.3,8.85,7.9,8.08,8.08,AC,CTI-B,144,roman,2026-07-23 14:00:00,1,,,,,,,,,informatica
144,145,AC-271,"AC-CTI-B (8.02), AC-CTI-T (8.02), AC-AIASI-B (8.02), AC-AIASI-T (8.02), ETTI-IETTI-B (abs), IEEIA-IE-B (abs)",9.73,9.6,9.85,9.75,9.6,7.6,8.02,8.02,AC,CTI-B,145,roman,2026-07-23 14:00:00,1,,,,,,,,,matematica
145,146,AC-209,"AC-CTI-B (8.01), AC-AIASI-B (8.01), AC-CTI-T (8.01), AC-AIASI-T (8.01), ETTI-IETTI-B (abs), ETTI-IETTIEN-B (abs), ETTI-IETTI-T (abs), ETTI-IETTIEN-T (abs), IEEIA-IE-B (abs), IEEIA-IEN-B (abs), IEEIA-IMGM-B (abs), IEEIA-IE-T (abs), IEEIA-IEN-T (abs), IEEIA-IMGM-T (abs)",8.45,8.85,10.0,6.5,8.85,7.9,8.01,8.01,AC,CTI-B,146,roman,2026-07-23 14:00:00,1,,,,,,,,,informatica
146,147,AC-319,"AC-CTI-B (8.01), AC-CTI-T (8.01), AC-AIASI-B (8.01), AC-AIASI-T (8.01), ETTI-IETTI-B (abs)",9.65,10.0,9.5,9.45,10.0,7.6,8.01,8.01,AC,CTI-B,147,roman,2026-07-23 14:00:00,1,,,,,,,,,matematica
147,148,AC-440,"AC-CTI-B (8.00), AC-CTI-T (8.00)",8.43,8.0,9.5,7.8,8.0,7.9,8.0,8.0,AC,CTI-B,148,roman,2026-07-23 14:00:00,1,,,,,,,,,informatica
148,149,AC-460,"AC-CTI-B (7.99), ETTI-IETTI-B (abs)",9.55,9.75,9.85,9.05,9.75,7.6,7.99,7.99,AC,CTI-B,149,roman,2026-07-23 14:00:00,1,,,,,,,,,informatica
149,150,AC-243,"AC-CTI-B (7.99), AC-CTI-T (7.99), AC-AIASI-B (7.99), AC-AIASI-T (7.99)",9.58,9.5,9.6,9.65,9.5,7.6,7.99,7.99,AC,CTI-B,150,roman,2026-07-23 14:00:00,1,,,,,,,,,informatica
150,151,AC-176,"AC-CTI-B (7.99), AC-AIASI-B (7.99), AC-CTI-T (7.99), AC-AIASI-T (7.99)",9.58,9.25,9.8,9.7,9.25,7.6,7.99,7.99,AC,CTI-B,151,roman,2026-07-23 14:00:00,1,,,,,,,,,informatica
151,152,AC-277,"AC-CTI-B (7.98), AC-CTI-T (7.98), AC-AIASI-B (7.98), AC-AIASI-T (7.98), ETTI-IETTI-B (abs), ETTI-IETTIEN-B (abs), IEEIA-IE-B (abs), IEEIA-IEN-B (abs), IEEIA-IMGM-B (abs)",8.33,8.45,8.55,8.0,8.45,7.9,7.98,7.98,AC,CTI-B,152,roman,2026-07-23 14:00:00,1,,,,,,,,,informatica
152,153,AC-339,"AC-CTI-B (7.97), AC-CTI-T (7.97), AC-AIASI-B (7.97), AC-AIASI-T (7.97), ETTI-IETTI-B (abs), ETTI-IETTI-T (abs), ETTI-IETTIEN-B (abs), ETTI-IETTIEN-T (abs)",9.46,10.0,9.75,8.65,10.0,7.6,7.97,7.97,AC,CTI-B,153,roman,2026-07-23 14:00:00,1,,,,,,,,,informatica
153,154,AC-88,"AC-CTI-B (7.97), AC-AIASI-B (7.97), AC-CTI-T (7.97), ETTI-IETTI-B (abs), ETTI-IETTI-T (abs), MEC-MR-B (abs)",9.45,9.8,9.3,9.25,9.8,7.6,7.97,7.97,AC,CTI-B,154,roman,2026-07-23 14:00:00,1,,,,,,,,,matematica
154,155,AC-351,"AC-CTI-B (7.97), AC-AIASI-B (7.97), ETTI-IETTI-B (abs)",9.48,9.75,9.85,8.85,9.75,7.6,7.97,7.97,AC,CTI-B,155,roman,2026-07-23 14:00:00,1,,,,,,,,,matematica
155,156,AC-459,"AC-CTI-B (7.95), AC-CTI-T (7.95), AC-AIASI-B (7.95), AC-AIASI-T (7.95), ETTI-IETTI-B (abs), IEEIA-IE-B (abs)",9.35,9.7,9.45,8.9,9.7,7.6,7.95,7.95,AC,CTI-B,156,roman,2026-07-23 14:00:00,1,,,,,,,,,matematica
156,157,AC-98,"AC-CTI-B (7.94), AC-AIASI-B (7.94), AC-CTI-T (7.94), AC-AIASI-T (7.94), CI-ICIV-B (abs), ETTI-IETTI-B (abs), ETTI-IETTIEN-B (abs), ETTI-IETTI-T (abs), ETTI-IETTIEN-T (abs), CI-ICIV-T (abs)",9.33,9.65,9.65,8.7,9.65,7.6,7.94,7.94,AC,CTI-B,157,roman,2026-07-23 14:00:00,1,,,,,,,,,informatica
157,158,AC-42,"AC-CTI-B (7.94), AC-AIASI-B (7.94), AC-CTI-T (7.94), AC-AIASI-T (7.94)",9.31,9.65,9.35,8.95,9.65,7.6,7.94,7.94,AC,CTI-B,158,roman,2026-07-23 14:00:00,1,,,,,,,,,informatica
158,159,AC-145,"AC-CTI-B (7.94), AC-AIASI-B (7.94), AC-CTI-T (7.94), AC-AIASI-T (7.94)",9.30,9.5,9.0,9.4,9.5,7.6,7.94,7.94,AC,CTI-B,159,roman,2026-07-23 14:00:00,1,,,,,,,,,matematica
159,160,AC-396,"AC-CTI-B (7.92), AC-CTI-T (7.92)",8.03,8.0,7.6,8.5,8.0,7.9,7.92,7.92,AC,CTI-B,160,roman,2026-07-23 14:00:00,1,,,,,,,,,matematica
160,161,AC-272,"AC-CTI-B (7.92), AC-AIASI-B (7.92), ETTI-IETTI-B (abs), IEEIA-IE-B (abs)",9.20,9.9,9.35,8.35,9.9,7.6,7.92,7.92,AC,CTI-B,161,roman,2026-07-23 14:00:00,1,,,,,,,,,matematica
161,162,AC-375,"AC-CTI-B (7.91), AC-CTI-T (7.91), ETTI-IETTIEN-B (abs), ETTI-IETTIEN-T (abs), ETTI-IETTI-B (abs), ETTI-IETTI-T (abs), IEEIA-IE-B (abs), IEEIA-IE-T (abs)",7.95,8.5,9.15,6.2,8.5,7.9,7.91,7.91,AC,CTI-B,162,roman,2026-07-23 14:00:00,1,,,,,,,,,matematica
162,163,AC-190,"AC-CTI-B (7.91), AC-CTI-T (7.91), AC-AIASI-B (7.91), AC-AIASI-T (7.91), ETTI-IETTI-B (abs), ETTI-IETTI-T (abs), IEEIA-IE-B (abs), IEEIA-IE-T (abs)",9.16,8.45,9.85,9.2,8.45,7.6,7.91,7.91,AC,CTI-B,163,roman,2026-07-23 14:00:00,1,,,,,,,,,informatica
163,164,AC-469,"AC-CTI-B (7.87), AC-AIASI-B (7.87), ETTI-IETTI-B (abs), ETTI-IETTIEN-B (abs), IEEIA-IE-B (abs), IEEIA-IEN-B (abs), IEEIA-IMGM-B (abs), ETTI-IETTI-T (abs), ETTI-IETTIEN-T (abs), IEEIA-IE-T (abs), IEEIA-IEN-T (abs), IEEIA-IMGM-T (abs)",7.78,7.05,7.5,8.8,7.05,7.9,7.87,7.87,AC,CTI-B,164,roman,2026-07-23 14:00:00,1,,,,,,,,,informatica
164,165,AC-259,"AC-CTI-B (7.81), AC-AIASI-B (7.81)",7.48,8.0,8.3,6.15,8.0,7.9,7.81,7.81,AC,CTI-B,165,roman,2026-07-23 14:00:00,1,,,,,,,,,matematica
165,166,AC-306,"AC-CTI-B (7.80), AC-AIASI-B (7.80), ETTI-IETTI-B (abs), ETTI-IETTIEN-B (abs)",8.61,9.0,8.15,8.7,9.0,7.6,7.8,7.8,AC,CTI-B,166,roman,2026-07-23 14:00:00,1,,,,,,,,,matematica
166,167,AC-187,"AC-CTI-B (7.77), AC-CTI-T (7.77), AC-AIASI-B (7.77), AC-AIASI-T (7.77), ETTI-IETTI-B (abs), ETTI-IETTI-T (abs), MEC-IA-B (abs), MEC-MR-B (abs), MEC-IA-T (abs), MEC-MR-T (abs), MEC-IMEC-B (abs), MEC-IMEC-T (abs)",8.46,9.85,6.2,9.35,9.85,7.6,7.77,7.77,AC,CTI-B,167,roman,2026-07-23 14:00:00,1,,,,,,,,,matematica
167,168,AC-273,"AC-CTI-B (7.77), AC-CTI-T (7.77), AC-AIASI-B (7.77), AC-AIASI-T (7.77), ETTI-IETTI-B (abs), IEEIA-IE-B (abs)",9.68,9.9,9.8,9.35,9.9,7.3,7.77,7.77,AC,CTI-B,168,roman,2026-07-23 14:00:00,1,,,,,,,,,matematica
168,169,AC-228,"AC-CTI-B (7.76), AC-AIASI-B (7.76), AC-CTI-T (7.76), AC-AIASI-T (7.76), ETTI-IETTI-B (abs), ETTI-IETTI-T (abs)",8.43,8.9,8.55,7.85,8.9,7.6,7.76,7.76,AC,CTI-B,169,roman,2026-07-23 14:00:00,1,,,,,,,,,matematica
169,170,AC-157,"AC-CTI-B (7.76), AC-AIASI-B (7.76), AC-CTI-T (7.76), AC-AIASI-T (7.76), ETTI-IETTI-B (abs), IEEIA-IE-B (abs), IEEIA-IEN-B (abs), IEEIA-IMGM-B (abs), ETTI-IETTI-T (abs), IEEIA-IE-T (abs), IEEIA-IEN-T (abs), IEEIA-IMGM-T (abs)",9.63,9.8,10.0,9.1,9.8,7.3,7.76,7.76,AC,CTI-B,170,roman,2026-07-23 14:00:00,1,,,,,,,,,informatica
170,171,AC-48,"AC-CTI-B (7.76), AC-CTI-T (7.76), AC-AIASI-B (7.76), AC-AIASI-T (7.76), ETTI-IETTI-B (abs), ETTI-IETTI-T (abs), IEEIA-IE-B (abs), IEEIA-IEN-B (abs), IEEIA-IMGM-B (abs)",9.63,9.7,9.85,9.35,9.7,7.3,7.76,7.76,AC,CTI-B,171,roman,2026-07-23 14:00:00,1,,,,,,,,,matematica
171,172,AC-256,"AC-CTI-B (7.73), AC-CTI-T (7.73), AC-AIASI-B (7.73), AC-AIASI-T (7.73), ETTI-IETTI-B (abs), IEEIA-IEN-B (abs), IEEIA-IE-B (abs)",9.46,9.75,10.0,8.65,9.75,7.3,,7.73,AC,CTI-T,1,roman,2026-07-23 14:00:00,2,,,,,,,,,matematica
172,173,AC-6,"AC-CTI-B (7.73), AC-CTI-T (7.73), AC-AIASI-B (7.73), AC-AIASI-T (7.73), ETTI-IETTI-B (abs)",9.45,9.75,9.45,9.15,9.75,7.3,,7.73,AC,CTI-T,2,roman,2026-07-23 14:00:00,2,,,,,,,,,informatica
173,174,AC-96,"AC-CTI-B (7.71), AC-CTI-T (7.71), AC-AIASI-B (7.71)",8.16,6.45,8.7,9.35,6.45,7.6,,7.71,AC,CTI-T,3,roman,2026-07-23 14:00:00,2,,,,,,,,,informatica
174,175,AC-395,"AC-CTI-B (7.68), AC-CTI-T (7.68), ETTI-IETTI-B (abs), ETTI-IETTI-T (abs)",9.20,9.75,9.4,8.45,9.75,7.3,,7.68,AC,CTI-T,4,roman,2026-07-23 14:00:00,2,,,,,,,,,matematica
175,176,AC-449,"AC-CTI-B (7.65), AC-CTI-T (7.65), IEEIA-IE-B (abs), IEEIA-IE-T (abs), ETTI-IETTI-B (abs), ETTI-IETTI-T (abs)",9.06,8.85,9.85,8.5,8.85,7.3,,7.65,AC,CTI-T,5,roman,2026-07-23 14:00:00,2,,,,,,,,,informatica
176,177,AC-281,"AC-CTI-B (7.60), AC-CTI-T (7.60), AC-AIASI-B (7.60), AC-AIASI-T (7.60)",8.80,9.5,8.7,8.2,9.5,7.3,,7.6,AC,CTI-T,6,roman,2026-07-23 14:00:00,2,,,,,,,,,matematica
177,178,AC-237,"AC-CTI-B (7.59), AC-CTI-T (7.59)",8.76,8.75,9.6,7.95,8.75,7.3,,7.59,AC,CTI-T,7,roman,2026-07-23 14:00:00,2,,,,,,,,,informatica
178,179,AC-35,"AC-CTI-B (7.58), AC-CTI-T (7.58), AC-AIASI-B (7.58), AC-AIASI-T (7.58), ETTI-IETTI-B (abs), ETTI-IETTI-T (abs), ETTI-IETTIEN-B (abs), ETTI-IETTIEN-T (abs)",9.90,10.0,10.0,9.7,10.0,7.0,,7.58,AC,CTI-T,8,roman,2026-07-23 14:00:00,2,,,,,,,,,informatica
179,180,AC-210,"AC-CTI-B (7.57), AC-CTI-T (7.57), AC-AIASI-B (7.57), AC-AIASI-T (7.57)",8.65,8.25,8.7,9.0,8.25,7.3,,7.57,AC,CTI-T,9,roman,2026-07-23 14:00:00,2,,,,,,,,,informatica
180,181,AC-168,"AC-CTI-B (7.54), AC-CTI-T (7.54), ETTI-IETTI-B (abs), ETTI-IETTI-T (abs), IEEIA-IE-B (abs), IEEIA-IE-T (abs)",8.53,8.65,8.8,8.15,8.65,7.3,,7.54,AC,CTI-T,10,roman,2026-07-23 14:00:00,2,,,,,,,,,informatica
181,182,AC-219,"AC-CTI-B (7.51), AC-CTI-T (7.51), AC-AIASI-B (7.51), AC-AIASI-T (7.51), ETTI-IETTI-B (abs), ETTI-IETTIEN-B (abs), ETTI-IETTI-T (abs), ETTI-IETTIEN-T (abs), IEEIA-IE-B (abs), IEEIA-IE-T (abs)",8.36,9.45,8.6,7.05,9.45,7.3,,7.51,AC,CTI-T,11,roman,2026-07-23 14:00:00,2,,,,,,,,,informatica
